"","word1","word2","word3"
"1","happi","mother","day"
"2","let","us","know"
"3","happi","new","year"
"4","look","forward","see"
"5","new","york","citi"
"6","look","forward","it"
"7","just","got","back"
"8","pleas","follow","me"
"9","pleas","pleas","pleas"
"10","cinco","de","mayo"
"11","come","join","us"
"12","dream","come","true"
"13","st","patrick","day"
"14","just","want","say"
"15","love","love","love"
"16","come","see","us"
"17","new","york","time"
"18","happi","valentin","day"
"19","keep","good","work"
"20","long","time","ago"
"21","realli","look","forward"
"22","new","year","eve"
"23","pleas","let","know"
"24","thank","follow","us"
"25","thank","shout","out"
"26","follow","look","forward"
"27","ha","ha","ha"
"28","look","forward","meet"
"29","thank","follow","me"
"30","feel","much","better"
"31","new","year","resolut"
"32","coupl","week","ago"
"33","follow","back","pleas"
"34","hope","great","day"
"35","just","got","home"
"36","make","feel","better"
"37","one","day","will"
"38","blah","blah","blah"
"39","follow","follow","back"
"40","go","back","sleep"
"41","happi","birthday","hope"
"42","item","c","abov"
"43","make","feel","like"
"44","hope","see","there"
"45","just","littl","bit"
"46","look","forward","hear"
"47","mother","day","mom"
"48","two","year","ago"
"49","glad","like","it"
"50","happi","th","birthday"
"51","just","let","know"
"52","make","sure","get"
"53","thank","everyon","came"
"54","thank","new","follow"
"55","yes","yes","yes"
"56","hope","everyon","great"
"57","new","york","ny"
"58","presid","barack","obama"
"59","sound","like","great"
"60","want","make","sure"
"61","everyon","go","follow"
"62","feel","like","go"
"63","good","morn","everyon"
"64","happi","happi","happi"
"65","hope","feel","better"
"66","just","got","done"
"67","last","night","great"
"68","martin","luther","king"
"69","will","never","forget"
"70","x","x","x"
"71","cant","wait","see"
"72","im","pretti","sure"
"73","let","just","say"
"74","one","way","anoth"
"75","realli","appreci","it"
"76","cake","cake","cake"
"77","check","us","out"
"78","dont","even","know"
"79","everi","singl","one"
"80","high","school","student"
"81","i","love","you"
"82","know","can","help"
"83","let","know","can"
"84","new","year","everyon"
"85","right","around","corner"
"86","spend","lot","time"
"87","spend","much","time"
"88","thank","follow","look"
"89","thank","kind","word"
"90","thank","much","follow"
"91","us","know","think"
"92","c","abov","pp"
"93","can","get","follow"
"94","everi","singl","day"
"95","hey","thank","follow"
"96","hope","see","soon"
"97","incorpor","item","c"
"98","just","make","sure"
"99","look","forward","read"
"100","look","forward","tweet"
"101","luther","king","jr"
"102","next","week","will"
"103","pleas","follow","back"
"104","sound","like","plan"
"105","thank","follow","back"
"106","want","go","back"
"107","go","back","school"
"108","kate","kate","kate"
"109","let","tell","you"
"110","never","give","up"
"111","rock","n","roll"
"112","show","last","night"
"113","world","war","ii"
"114","amazon","servic","llc"
"115","best","thing","ever"
"116","chocol","chip","cooki"
"117","coupl","year","ago"
"118","dont","get","wrong"
"119","follow","follow","follow"
"120","great","way","start"
"121","let","know","think"
"122","look","forward","great"
"123","make","feel","good"
"124","make","sure","check"
"125","osama","bin","laden"
"126","sound","like","fun"
"127","take","deep","breath"
"128","thank","follow","hope"
"129","use","social","media"
"130","come","say","hi"
"131","everi","time","see"
"132","give","us","call"
"133","keep","great","work"
"134","look","like","this"
"135","lord","jesus","christ"
"136","new","york","state"
"137","spent","lot","time"
"138","thank","stop","by"
"139","think","like","man"
"140","tri","someth","new"
"141","wall","street","journal"
"142","will","follow","back"
"143","year","ago","today"
"144","anoth","day","anoth"
"145","best","day","ever"
"146","dream","last","night"
"147","first","day","school"
"148","get","readi","go"
"149","good","right","now"
"150","happi","cinco","de"
"151","happi","friday","everyon"
"152","happi","hump","day"
"153","happi","thanksgiv","everyon"
"154","help","spread","word"
"155","help","us","get"
"156","hope","great","weekend"
"157","just","made","day"
"158","make","sure","follow"
"159","much","love","you"
"160","never","get","old"
"161","never","say","never"
"162","sound","like","good"
"163","thank","follow","love"
"164","thank","let","us"
"165","thank","much","rt"
"166","thank","you","rt"
"167","way","start","day"
"168","will","take","place"
"169","chanc","win","free"
"170","follow","me","love"
"171","follow","us","twitter"
"172","get","back","work"
"173","go","right","now"
"174","graduat","high","school"
"175","happi","birthday","love"
"176","happi","st","patrick"
"177","hey","just","met"
"178","hope","enjoy","it"
"179","join","us","tonight"
"180","just","around","corner"
"181","just","feel","like"
"182","just","tri","get"
"183","let","face","it"
"184","let","know","need"
"185","let","know","want"
"186","like","everyon","els"
"187","look","forward","next"
"188","look","like","go"
"189","occupi","wall","street"
"190","pleas","feel","free"
"191","right","now","im"
"192","rip","whitney","houston"
"193","rt","happi","birthday"
"194","rt","look","forward"
"195","say","thing","like"
"196","sleep","last","night"
"197","st","patti","day"
"198","ten","year","ago"
"199","thank","you","thank"
"200","today","last","day"
"201","two","week","ago"
"202","u","know","u"
"203","u","pleas","follow"
"204","wait","get","back"
"205","will","let","know"
"206","came","last","night"
"207","can","also","use"
"208","can","get","away"
"209","can","pleas","follow"
"210","can","u","follow"
"211","coupl","month","ago"
"212","feel","like","just"
"213","finish","mi","run"
"214","first","time","ever"
"215","follow","will","follow"
"216","get","home","work"
"217","get","thing","done"
"218","get","work","done"
"219","go","back","work"
"220","goe","long","way"
"221","good","morn","love"
"222","great","see","you"
"223","home","sweet","home"
"224","hope","can","get"
"225","hope","good","one"
"226","hope","like","it"
"227","just","finish","mi"
"228","just","one","day"
"229","just","want","tell"
"230","know","can","get"
"231","life","right","now"
"232","like","last","year"
"233","like","us","facebook"
"234","live","new","york"
"235","look","forward","get"
"236","lord","thi","god"
"237","make","dream","come"
"238","make","look","like"
"239","mani","year","ago"
"240","memori","day","weekend"
"241","never","go","back"
"242","now","just","need"
"243","úi","dont","know"
"244","realli","want","go"
"245","right","now","just"
"246","right","now","lol"
"247","seem","like","good"
"248","shut","fuck","up"
"249","someth","like","that"
"250","thank","follow","twitter"
"251","thank","join","us"
"252","thank","let","know"
"253","thank","look","forward"
"254","thank","rt","hope"
"255","thank","you","will"
"256","three","year","ago"
"257","time","last","year"
"258","time","will","tell"
"259","us","know","can"
"260","us","suprem","court"
"261","what","go","on"
"262","will","get","better"
"263","will","look","like"
"264","winner","will","announc"
"265","you","thank","you"
"266","bad","girl","club"
"267","can","follow","me"
"268","can","follow","pleas"
"269","can","help","us"
"270","can","never","get"
"271","cant","wait","till"
"272","come","check","out"
"273","event","last","night"
"274","feel","like","get"
"275","feel","like","need"
"276","feel","pretti","good"
"277","feel","right","now"
"278","five","year","ago"
"279","get","hair","done"
"280","get","job","done"
"281","get","readi","work"
"282","give","away","free"
"283","glad","enjoy","it"
"284","go","school","tomorrow"
"285","good","morn","all"
"286","good","night","sleep"
"287","help","us","spread"
"288","item","b","abov"
"289","just","finish","watch"
"290","just","got","new"
"291","just","want","let"
"292","just","watch","tv"
"293","la","la","la"
"294","last","night","thank"
"295","last","two","day"
"296","long","time","sinc"
"297","look","forward","to"
"298","look","like","will"
"299","may","th","pm"
"300","medium","heat","add"
"301","mother","day","gift"
"302","need","go","back"
"303","parti","last","night"
"304","preheat","oven","degre"
"305","realli","realli","realli"
"306","someth","like","this"
"307","sorri","hear","that"
"308","thank","head","up"
"309","time","get","back"
"310","two","week","later"
"311","us","spread","word"
"312","welcom","new","follow"
"313","will","check","out"
"314","will","join","us"
"315","will","take","care"
"316","work","right","now"
"317","work","work","work"
"318","world","trade","center"
"319","year","ago","still"
"320","b","abov","pp"
"321","better","late","never"
"322","can","make","happen"
"323","can","u","pleas"
"324","cant","wait","get"
"325","everi","now","then"
"326","feel","like","it"
"327","feel","like","someth"
"328","first","time","sinc"
"329","first","time","year"
"330","game","last","night"
"331","get","back","track"
"332","good","luck","everyon"
"333","good","morn","twitter"
"334","good","morn","world"
"335","great","meet","you"
"336","hard","work","pay"
"337","it","just","like"
"338","just","let","go"
"339","just","like","that"
"340","keep","finger","cross"
"341","level","mp","cost"
"342","long","day","work"
"343","long","long","time"
"344","look","like","one"
"345","love","it","love"
"346","may","seem","like"
"347","mayb","next","time"
"348","much","better","now"
"349","never","let","go"
"350","next","time","go"
"351","nice","meet","you"
"352","now","feel","like"
"353","one","day","time"
"354","one","right","now"
"355","past","two","year"
"356","pleas","help","us"
"357","readi","go","home"
"358","realli","feel","like"
"359","realli","like","it"
"360","realli","want","see"
"361","rt","just","got"
"362","see","can","get"
"363","sever","year","ago"
"364","sinc","last","post"
"365","thank","everyon","made"
"366","thank","glad","like"
"367","thank","spread","word"
"368","thank","u","much"
"369","thank","you","love"
"370","think","can","get"
"371","us","know","need"
"372","wanna","go","back"
"373","want","let","know"
"374","want","look","like"
"375","whole","new","level"
"376","will","alway","love"
"377","wish","happi","birthday"
"378","wrap","arm","around"
"379","year","old","girl"
"380","year","old","son"
"381","ù","ù","ù"
"382","back","high","school"
"383","bad","thing","happen"
"384","best","night","ever"
"385","big","bang","theori"
"386","black","eye","pea"
"387","buy","new","one"
"388","buzz","buzz","buzz"
"389","can","follow","back"
"390","can","get","back"
"391","can","help","get"
"392","can","honest","say"
"393","can","see","it"
"394","come","visit","us"
"395","cream","chees","frost"
"396","didnt","even","know"
"397","even","though","know"
"398","everi","singl","time"
"399","everi","time","tri"
"400","feel","better","soon"
"401","first","thing","morn"
"402","follow","big","fan"
"403","georg","bernard","shaw"
"404","get","much","better"
"405","get","togeth","soon"
"406","get","use","it"
"407","go","bed","now"
"408","go","get","em"
"409","go","go","go"
"410","go","see","it"
"411","goe","without","say"
"412","good","morn","happi"
"413","good","thing","come"
"414","got","new","phone"
"415","got","phone","call"
"416","great","day","today"
"417","happi","easter","everyon"
"418","happi","th","juli"
"419","henri","david","thoreau"
"420","hope","amaz","day"
"421","hope","get","better"
"422","hope","great","time"
"423","hunter","matt","hunter"
"424","im","go","tri"
"425","it","good","thing"
"426","it","love","it"
"427","join","us","pm"
"428","join","us","today"
"429","just","go","back"
"430","just","wanna","see"
"431","just","want","go"
"432","last","night","got"
"433","last","year","made"
"434","let","us","help"
"435","like","right","now"
"436","long","way","go"
"437","look","forward","work"
"438","look","like","great"
"439","look","like","someth"
"440","love","everi","minut"
"441","make","eye","contact"
"442","matt","hunter","matt"
"443","matter","mani","time"
"444","mayb","one","day"
"445","meet","last","night"
"446","mom","mother","day"
"447","need","get","back"
"448","never","look","back"
"449","next","time","will"
"450","next","two","week"
"451","one","can","see"
"452","one","favorit","thing"
"453","one","last","time"
"454","one","two","three"
"455","past","coupl","week"
"456","pleas","come","back"
"457","pleas","let","us"
"458","ralph","waldo","emerson"
"459","rememb","last","time"
"460","right","now","can"
"461","rip","steve","job"
"462","say","i","love"
"463","see","can","do"
"464","shirtless","shirtless","shirtless"
"465","somebodi","use","know"
"466","sound","like","someth"
"467","spend","rest","life"
"468","start","new","year"
"469","still","tri","figur"
"470","stop","stop","stop"
"471","take","care","you"
"472","thank","ff","love"
"473","thank","much","support"
"474","thank","you","glad"
"475","thing","get","better"
"476","today","good","day"
"477","wait","get","home"
"478","wait","see","u"
"479","wait","see","you"
"480","wanna","go","home"
"481","will","come","back"
"482","will","never","know"
"483","will","one","day"
"484","will","pleas","follow"
"485","work","hard","get"
"486","world","right","now"
"487","wrap","head","around"
"488","year","old","man"
"489","ù","subject","chang"
"490","advertis","fee","advertis"
"491","advertis","link","amazoncom"
"492","amazon","certain","content"
"493","amazon","eu","associ"
"494","amazon","eu","content"
"495","amazonca","amazoncouk","amazond"
"496","amazoncom","amazonca","amazoncouk"
"497","amazoncouk","amazond","amazonfr"
"498","amazond","amazonfr","amazonit"
"499","amazonfr","amazonit","amazon"
"500","amazonit","amazon","certain"
"501","andor","amazon","eu"
"502","appear","websit","come"
"503","associ","programm","design"
"504","best","song","ever"
"505","birthday","happi","birthday"
"506","bmw","servic","center"
"507","can","just","say"
"508","can","make","differ"
"509","can","make","it"
"510","can","take","care"
"511","care","care","care"
"512","certain","content","appear"
"513","chang","remov","time"
"514","check","out","thank"
"515","come","amazon","servic"
"516","come","back","home"
"517","come","back","soon"
"518","come","long","way"
"519","come","next","week"
"520","come","see","me"
"521","come","think","it"
"522","content","appear","websit"
"523","content","provid","úas"
"524","coupl","day","ago"
"525","creativ","juic","flow"
"526","dark","knight","rise"
"527","day","mom","there"
"528","design","provid","mean"
"529","dont","get","it"
"530","dont","want","go"
"531","earn","advertis","fee"
"532","empir","state","build"
"533","eu","associ","programm"
"534","eu","content","provid"
"535","everi","minut","it"
"536","everi","singl","thing"
"537","everyth","happen","reason"
"538","fee","advertis","link"
"539","find","hard","believ"
"540","find","way","back"
"541","first","day","spring"
"542","first","day","summer"
"543","follow","me","follow"
"544","georg","w","bush"
"545","get","better","better"
"546","get","better","soon"
"547","get","real","reward"
"548","go","back","bed"
"549","go","check","out"
"550","go","good","day"
"551","go","pack","go"
"552","good","day","today"
"553","good","luck","that"
"554","good","luck","today"
"555","good","place","start"
"556","good","see","you"
"557","grand","scheme","thing"
"558","happi","father","day"
"559","happi","friday","th"
"560","hello","new","follow"
"561","henri","ward","beecher"
"562","hey","follow","back"
"563","hope","can","make"
"564","hope","everyon","enjoy"
"565","hope","great","week"
"566","hope","one","day"
"567","id","like","think"
"568","im","look","forward"
"569","im","sure","will"
"570","is","ù","subject"
"571","it","even","though"
"572","join","us","next"
"573","just","anoth","day"
"574","just","need","get"
"575","just","seem","like"
"576","just","want","make"
"577","just","woke","up"
"578","keep","come","back"
"579","know","much","love"
"580","know","next","time"
"581","know","what","go"
"582","last","day","school"
"583","last","time","check"
"584","last","time","saw"
"585","last","two","year"
"586","leav","comment","post"
"587","let","know","get"
"588","let","know","u"
"589","like","minut","ago"
"590","link","amazoncom","amazonca"
"591","live","life","fullest"
"592","llc","amazon","eu"
"593","llc","andor","amazon"
"594","look","exact","like"
"595","look","forward","share"
"596","look","forward","tomorrow"
"597","look","just","like"
"598","look","pretti","good"
"599","los","angel","time"
"600","love","one","direct"
"601","love","someon","els"
"602","made","feel","like"
"603","make","great","day"
"604","make","much","sens"
"605","mani","peopl","will"
"606","marketwatch","press","releas"
"607","may","rest","peac"
"608","mean","site","earn"
"609","merri","christma","everyon"
"610","need","get","togeth"
"611","never","seen","befor"
"612","new","england","patriot"
"613","new","year","day"
"614","next","week","get"
"615","next","year","will"
"616","now","can","get"
"617","now","think","it"
"618","úas","is","ù"
"619","on","on","on"
"620","one","best","friend"
"621","particip","amazon","servic"
"622","past","five","year"
"623","peopl","around","world"
"624","pleas","join","us"
"625","pleas","pleas","follow"
"626","programm","design","provid"
"627","provid","mean","site"
"628","provid","úas","is"
"629","r","u","gonna"
"630","read","right","now"
"631","real","reward","just"
"632","reward","just","watch"
"633","right","back","ya"
"634","right","now","go"
"635","right","now","love"
"636","right","now","will"
"637","rip","junior","seau"
"638","salt","lake","citi"
"639","season","salt","pepper"
"640","see","look","like"
"641","see","mani","peopl"
"642","seem","like","lot"
"643","servic","center","california"
"644","servic","llc","amazon"
"645","servic","llc","andor"
"646","short","period","time"
"647","site","earn","advertis"
"648","song","stuck","head"
"649","start","new","job"
"650","stay","tune","updat"
"651","stop","say","hello"
"652","subject","chang","remov"
"653","support","gay","marriag"
"654","take","long","time"
"655","thank","everyon","particip"
"656","thank","much","come"
"657","three","year","old"
"658","time","get","readi"
"659","time","go","home"
"660","time","last","night"
"661","today","feel","like"
"662","u","follow","me"
"663","want","go","home"
"664","want","thank","everyon"
"665","websit","come","amazon"
"666","well","look","like"
"667","well","thank","you"
"668","will","back","soon"
"669","will","chang","life"
"670","will","do","thank"
"671","will","get","back"
"672","will","give","away"
"673","will","go","back"
"674","will","make","day"
"675","will","miss","you"
"676","winner","will","chosen"
"677","wish","everyon","happi"
"678","work","hard","make"
"679","write","blog","post"
"680","year","high","school"
"681","year","old","daughter"
"682","ù","said","úi"
"683","alway","come","back"
"684","alway","find","way"
"685","america","got","talent"
"686","anoth","beauti","day"
"687","anyon","els","notic"
"688","april","fool","day"
"689","back","new","york"
"690","bake","degre","minut"
"691","best","show","ever"
"692","blog","leav","comment"
"693","can","get","good"
"694","celebr","cinco","de"
"695","chicago","illinoi","incorpor"
"696","chief","execut","offic"
"697","come","soon","enough"
"698","cream","butter","sugar"
"699","cricket","new","zealand"
"700","day","school","left"
"701","didnt","take","long"
"702","dinner","last","night"
"703","dont","feel","like"
"704","dont","know","can"
"705","dont","know","im"
"706","dulc","de","lech"
"707","easter","egg","hunt"
"708","environment","protect","agenc"
"709","everi","now","again"
"710","everi","time","hear"
"711","everyon","came","last"
"712","feel","like","can"
"713","feel","like","forev"
"714","feel","like","im"
"715","feel","like","one"
"716","final","get","around"
"717","first","time","today"
"718","follow","follow","me"
"719","follow","twitter","forget"
"720","forest","citi","ratner"
"721","forget","follow","googl"
"722","four","year","ago"
"723","friend","high","school"
"724","get","away","it"
"725","get","follow","back"
"726","get","new","one"
"727","get","readi","head"
"728","get","readi","school"
"729","go","back","read"
"730","go","bed","earli"
"731","go","love","it"
"732","go","well","you"
"733","god","love","us"
"734","gonna","good","day"
"735","good","enough","me"
"736","good","luck","tomorrow"
"737","good","luck","tonight"
"738","good","morn","beauti"
"739","good","night","twitter"
"740","got","it","thank"
"741","grate","parmesan","chees"
"742","haha","thank","you"
"743","happi","hour","pm"
"744","happi","right","now"
"745","happi","veteran","day"
"746","help","get","follow"
"747","help","us","make"
"748","high","recommend","it"
"749","high","school","colleg"
"750","hope","can","come"
"751","hope","good","day"
"752","hope","will","get"
"753","ill","let","know"
"754","illinoi","incorpor","item"
"755","im","big","fan"
"756","im","go","go"
"757","ive","ever","seen"
"758","job","right","now"
"759","john","f","kennedi"
"760","just","got","phone"
"761","just","got","word"
"762","just","like","you"
"763","just","one","thing"
"764","just","want","know"
"765","keep","eye","open"
"766","keep","get","better"
"767","last","coupl","week"
"768","last","night","fun"
"769","last","night","tri"
"770","late","th","centuri"
"771","let","know","like"
"772","list","goe","on"
"773","live","everi","day"
"774","long","stori","short"
"775","long","time","see"
"776","look","bright","side"
"777","look","forward","day"
"778","look","forward","learn"
"779","look","like","fun"
"780","look","like","might"
"781","look","lot","like"
"782","look","realli","good"
"783","los","angel","ca"
"784","love","best","friend"
"785","love","new","york"
"786","love","will","never"
"787","love","you","ù"
"788","love","you","thank"
"789","mac","n","chees"
"790","make","end","meet"
"791","make","feel","bad"
"792","make","much","easier"
"793","make","thing","happen"
"794","mani","peopl","can"
"795","mani","peopl","think"
"796","mayb","can","get"
"797","mean","world","me"
"798","mention","previous","post"
"799","miss","u","guy"
"800","mitsubishi","vehicl","uk"
"801","money","can","buy"
"802","mother","day","beauti"
"803","mother","day","mother"
"804","mother","day","weekend"
"805","much","look","forward"
"806","never","get","tire"
"807","next","big","thing"
"808","next","time","see"
"809","number","call","mayb"
"810","one","get","one"
"811","one","step","time"
"812","past","coupl","day"
"813","peanut","butter","jelli"
"814","play","import","role"
"815","play","video","game"
"816","pleas","leav","comment"
"817","presid","unit","state"
"818","pretti","damn","good"
"819","pretti","sure","just"
"820","real","estat","agent"
"821","realli","dont","want"
"822","realli","long","time"
"823","realli","need","get"
"824","realli","realli","want"
"825","restaur","wilmington","delawar"
"826","right","back","atcha"
"827","right","now","ù"
"828","right","now","feel"
"829","rip","dick","clark"
"830","rip","mauric","sendak"
"831","rt","chanc","win"
"832","rt","good","morn"
"833","run","nike","gps"
"834","saturday","night","live"
"835","say","someth","like"
"836","see","last","night"
"837","see","u","soon"
"838","skillet","medium","heat"
"839","small","busi","saturday"
"840","so","new","follow"
"841","someth","look","forward"
"842","sorri","late","repli"
"843","sorri","miss","it"
"844","stay","one","place"
"845","still","dont","know"
"846","still","feel","like"
"847","still","love","you"
"848","stop","see","us"
"849","take","good","care"
"850","take","step","back"
"851","talk","right","now"
"852","thai","restaur","wilmington"
"853","thank","everyon","support"
"854","thank","much","love"
"855","thank","rt","great"
"856","thank","you","happi"
"857","think","safe","say"
"858","time","next","week"
"859","time","run","out"
"860","time","sinc","last"
"861","time","time","again"
"862","tonight","look","forward"
"863","took","deep","breath"
"864","tri","find","way"
"865","tri","get","back"
"866","tv","right","now"
"867","twitter","forget","follow"
"868","u","come","back"
"869","u","follow","back"
"870","u","never","know"
"871","unit","methodist","church"
"872","use","promo","code"
"873","vanilla","ice","cream"
"874","wait","see","it"
"875","want","come","back"
"876","want","feel","like"
"877","want","one","thing"
"878","want","say","thank"
"879","whi","whi","whi"
"880","whole","lot","better"
"881","will","announc","winner"
"882","will","keep","post"
"883","will","never","get"
"884","will","never","same"
"885","will","tri","get"
"886","winner","will","receiv"
"887","wolfgang","von","goeth"
"888","work","full","time"
"889","work","pay","off"
"890","world","around","us"
"891","world","book","night"
"892","yeah","yeah","yeah"
"893","year","ago","just"
"894","year","ago","sinc"
"895","year","sinc","last"
"896","young","men","women"
"897","ù","sound","like"
"898","ù","thank","you"
"899","abov","pp","see"
"900","across","unit","state"
"901","actual","innoc","sentenc"
"902","add","boston","add"
"903","alreadi","know","answer"
"904","alway","feel","like"
"905","alway","make","day"
"906","alway","make","laugh"
"907","anyon","know","can"
"908","april","fool","joke"
"909","april","th","pm"
"910","averag","point","rebound"
"911","awkward","moment","someon"
"912","back","back","back"
"913","back","draw","board"
"914","back","next","year"
"915","bad","bad","bad"
"916","bake","powder","salt"
"917","bake","soda","salt"
"918","bed","right","now"
"919","behind","close","door"
"920","believ","someday","follow"
"921","belli","button","pierc"
"922","best","day","life"
"923","best","way","get"
"924","best","way","start"
"925","best","yet","come"
"926","big","thank","everyon"
"927","boston","add","boston"
"928","breath","fresh","air"
"929","busi","busi","busi"
"930","buy","one","get"
"931","came","home","work"
"932","can","chang","world"
"933","can","feel","it"
"934","can","get","one"
"935","can","go","back"
"936","can","help","you"
"937","cant","wait","hear"
"938","chang","life","forev"
"939","chang","twitter","name"
"940","check","facebook","page"
"941","chocol","ice","cream"
"942","clove","garlic","minc"
"943","come","back","bite"
"944","come","check","us"
"945","comic","book","day"
"946","congrat","new","job"
"947","cover","plastic","wrap"
"948","cross","auto","updat"
"949","d","d","d"
"950","damag","attack","enemi"
"951","day","like","today"
"952","day","will","come"
"953","day","work","today"
"954","dont","even","get"
"955","earli","th","centuri"
"956","east","media","sampler"
"957","eight","year","ago"
"958","el","camino","real"
"959","end","last","year"
"960","even","know","it"
"961","even","though","alreadi"
"962","even","want","know"
"963","ever","feel","like"
"964","everi","day","life"
"965","everi","one","us"
"966","eye","can","see"
"967","far","can","tell"
"968","feel","free","contact"
"969","feel","free","share"
"970","feel","like","cri"
"971","feel","like","ive"
"972","feel","like","shit"
"973","feel","like","watch"
"974","final","get","see"
"975","first","time","heard"
"976","first","time","life"
"977","flour","bake","powder"
"978","flourless","chocol","cake"
"979","follow","back","neversaynev"
"980","follow","hilltop","twitter"
"981","follow","new","account"
"982","follow","pleas","d"
"983","follow","us","back"
"984","follow","us","facebook"
"985","forward","meet","you"
"986","forward","read","tweet"
"987","four","year","old"
"988","free","comic","book"
"989","game","right","now"
"990","get","act","togeth"
"991","get","back","home"
"992","get","back","me"
"993","get","back","togeth"
"994","get","back","you"
"995","get","well","soon"
"996","girl","ask","for"
"997","girl","dragon","tattoo"
"998","give","away","one"
"999","glad","hear","enjoy"
"1000","glad","hear","it"
